ID,SKU,Category,Subcategory,SubSubcategory,SubSubSubcategory,Name,Size,Finish,SingleOrDoubleSided,UnitsPerProduct,PriceType,PricePerSqm,FixedPrice,MinPrice,DesignFee,PolesAvailable,PolePrice,InstallationFee,RequiresArtwork,Aliases,MinOrderQty,UnitPricing
1,PP-0001,Paper Printing,Business Cards,,,Business Cards 300GSM,Standard 90x55mm,Semi Gloss,Single sided,100,fixed,,R120.00,,0,no,,0,yes,Business Cards 300GSM; Business Cards; Paper Printing,,
2,PP-0002,Paper Printing,Business Cards,,,Business Cards 300GSM,Standard 90x55mm,Semi Gloss,Single sided,250,fixed,,R230.00,,0,no,,0,yes,Business Cards 300GSM; Business Cards; Paper Printing,,
3,PP-0003,Paper Printing,Business Cards,,,Business Cards 300GSM,Standard 90x55mm,Semi Gloss,Single sided,500,fixed,,R350.00,,0,no,,0,yes,Business Cards 300GSM; Business Cards; Paper Printing,,
4,PP-0004,Paper Printing,Business Cards,,,Business Cards 300GSM,Standard 90x55mm,Semi Gloss,Single sided,1000,fixed,,R680.00,,0,no,,0,yes,Business Cards 300GSM; Business Cards; Paper Printing,,
5,PP-0005,Paper Printing,Business Cards,,,Business Cards 300GSM,Standard 90x55mm,Semi Gloss,Double sided,100,fixed,,R180.00,,0,no,,0,yes,Business Cards 300GSM; Business Cards; Paper Printing,,
6,PP-0006,Paper Printing,Business Cards,,,Business Cards 300GSM,Standard 90x55mm,Semi Gloss,Double sided,250,fixed,,R320.00,,0,no,,0,yes,Business Cards 300GSM; Business Cards; Paper Printing,,
7,PP-0007,Paper Printing,Business Cards,,,Business Cards 300GSM,Standard 90x55mm,Semi Gloss,Double sided,500,fixed,,R525.00,,0,no,,0,yes,Business Cards 300GSM; Business Cards; Paper Printing,,
8,PP-0008,Paper Printing,Business Cards,,,Business Cards 300GSM,Standard 90x55mm,Semi Gloss,Double sided,1000,fixed,,"R1,000.00",,0,no,,0,yes,Business Cards 300GSM; Business Cards; Paper Printing,,
9,PP-0009,Paper Printing,Business Cards,,,Business Cards 300GSM,Standard 90x55mm,Laminated,Single sided,100,fixed,,R170.00,,0,no,,0,yes,Business Cards 300GSM; Business Cards; Paper Printing,,
10,PP-0010,Paper Printing,Business Cards,,,Business Cards 300GSM,Standard 90x55mm,Laminated,Single sided,250,fixed,,R355.00,,0,no,,0,yes,Business Cards 300GSM; Business Cards; Paper Printing,,
11,PP-0011,Paper Printing,Business Cards,,,Business Cards 300GSM,Standard 90x55mm,Laminated,Single sided,500,fixed,,R600.00,,0,no,,0,yes,Business Cards 300GSM; Business Cards; Paper Printing,,
12,PP-0012,Paper Printing,Business Cards,,,Business Cards 300GSM,Standard 90x55mm,Laminated,Single sided,1000,fixed,,"R1,180.00",,0,no,,0,yes,Business Cards 300GSM; Business Cards; Paper Printing,,
13,PP-0013,Paper Printing,Business Cards,,,Business Cards 300GSM,Standard 90x55mm,Laminated,Double sided,100,fixed,,R280.00,,0,no,,0,yes,Business Cards 300GSM; Business Cards; Paper Printing,,
14,PP-0014,Paper Printing,Business Cards,,,Business Cards 300GSM,Standard 90x55mm,Laminated,Double sided,250,fixed,,R480.00,,0,no,,0,yes,Business Cards 300GSM; Business Cards; Paper Printing,,
15,PP-0015,Paper Printing,Business Cards,,,Business Cards 300GSM,Standard 90x55mm,Laminated,Double sided,500,fixed,,R775.00,,0,no,,0,yes,Business Cards 300GSM; Business Cards; Paper Printing,,
16,PP-0016,Paper Printing,Business Cards,,,Business Cards 300GSM,Standard 90x55mm,Laminated,Double sided,1000,fixed,,"R1,450.00",,0,no,,0,yes,Business Cards 300GSM; Business Cards; Paper Printing,,
17,PP-0017,Paper Printing,Flyers,,,Flyers - Express Print,A6 (105 × 148) mm,128gsm gloss,Single sided,100,fixed,,R322.00,,0,no,,0,yes,Flyers - Express Print; Flyers; Paper Printing,,
18,PP-0018,Paper Printing,Flyers,,,Flyers - Express Print,A6 (105 × 148) mm,128gsm gloss,Single sided,250,fixed,,R395.00,,0,no,,0,yes,Flyers - Express Print; Flyers; Paper Printing,,
19,PP-0019,Paper Printing,Flyers,,,Flyers - Express Print,A6 (105 × 148) mm,128gsm gloss,Single sided,500,fixed,,R488.00,,0,no,,0,yes,Flyers - Express Print; Flyers; Paper Printing,,
20,PP-0020,Paper Printing,Flyers,,,Flyers - Express Print,A6 (105 × 148) mm,128gsm gloss,Single sided,1000,fixed,,R696.00,,0,no,,0,yes,Flyers - Express Print; Flyers; Paper Printing,,
21,PP-0021,Paper Printing,Flyers,,,Flyers - Express Print,A6 (105 × 148) mm,128gsm gloss,Double sided,100,fixed,,R374.00,,0,no,,0,yes,Flyers - Express Print; Flyers; Paper Printing,,
22,PP-0022,Paper Printing,Flyers,,,Flyers - Express Print,A6 (105 × 148) mm,128gsm gloss,Double sided,250,fixed,,R488.00,,0,no,,0,yes,Flyers - Express Print; Flyers; Paper Printing,,
23,PP-0023,Paper Printing,Flyers,,,Flyers - Express Print,A6 (105 × 148) mm,128gsm gloss,Double sided,500,fixed,,R675.00,,0,no,,0,yes,Flyers - Express Print; Flyers; Paper Printing,,
24,PP-0024,Paper Printing,Flyers,,,Flyers - Express Print,A6 (105 × 148) mm,128gsm gloss,Double sided,1000,fixed,,"R1,049.00",,0,no,,0,yes,Flyers - Express Print; Flyers; Paper Printing,,
25,PP-0025,Paper Printing,Flyers,,,Flyers - Express Print,A5 (148 x 210) mm,128gsm gloss,Single sided,100,fixed,,R363.00,,0,no,,0,yes,Flyers - Express Print; Flyers; Paper Printing,,
26,PP-0026,Paper Printing,Flyers,,,Flyers - Express Print,A5 (148 x 210) mm,128gsm gloss,Single sided,250,fixed,,R488.00,,0,no,,0,yes,Flyers - Express Print; Flyers; Paper Printing,,
27,PP-0027,Paper Printing,Flyers,,,Flyers - Express Print,A5 (148 x 210) mm,128gsm gloss,Single sided,500,fixed,,R696.00,,0,no,,0,yes,Flyers - Express Print; Flyers; Paper Printing,,
28,PP-0028,Paper Printing,Flyers,,,Flyers - Express Print,A5 (148 x 210) mm,128gsm gloss,Single sided,1000,fixed,,"R1,123.00",,0,no,,0,yes,Flyers - Express Print; Flyers; Paper Printing,,
29,PP-0029,Paper Printing,Flyers,,,Flyers - Express Print,A5 (148 x 210) mm,128gsm gloss,Double sided,100,fixed,,R446.00,,0,no,,0,yes,Flyers - Express Print; Flyers; Paper Printing,,
30,PP-0030,Paper Printing,Flyers,,,Flyers - Express Print,A5 (148 x 210) mm,128gsm gloss,Double sided,250,fixed,,R675.00,,0,no,,0,yes,Flyers - Express Print; Flyers; Paper Printing,,
31,PP-0031,Paper Printing,Flyers,,,Flyers - Express Print,A5 (148 x 210) mm,128gsm gloss,Double sided,500,fixed,,"R1,050.00",,0,no,,0,yes,Flyers - Express Print; Flyers; Paper Printing,,
32,PP-0032,Paper Printing,Flyers,,,Flyers - Express Print,A5 (148 x 210) mm,128gsm gloss,Double sided,1000,fixed,,"R1,808.00",,0,no,,0,yes,Flyers - Express Print; Flyers; Paper Printing,,
33,PP-0033,Paper Printing,Flyers,,,Flyers - Litho 7-10 working days,A5 (148 x 210) mm,128gsm gloss,Single sided,5000,fixed,,"R2,950.00",,0,no,,0,yes,Flyers - Litho 7-10 working days; Flyers; Paper Printing,,
34,PP-0034,Paper Printing,Flyers,,,Flyers - Litho 7-10 working days,A5 (148 x 210) mm,128gsm gloss,Single sided,10000,fixed,,"R4,950.00",,0,no,,0,yes,Flyers - Litho 7-10 working days; Flyers; Paper Printing,,
35,PP-0035,Paper Printing,Flyers,,,Flyers - Litho 7-10 working days,A5 (148 x 210) mm,128gsm gloss,Double sided,5000,fixed,,"R3,750.00",,0,no,,0,yes,Flyers - Litho 7-10 working days; Flyers; Paper Printing,,
36,PP-0036,Paper Printing,Flyers,,,Flyers - Litho 7-10 working days,A5 (148 x 210) mm,128gsm gloss,Double sided,10000,fixed,,"R5,750.00",,0,no,,0,yes,Flyers - Litho 7-10 working days; Flyers; Paper Printing,,
37,PP-0037,Paper Printing,Flyers,,,Flyers - Litho 7-10 working days,A4 (210 x 297) mm,128gsm gloss,Single sided,5000,fixed,,"R5,015.00",,0,no,,0,yes,Flyers - Litho 7-10 working days; Flyers; Paper Printing,,
38,PP-0038,Paper Printing,Flyers,,,Flyers - Litho 7-10 working days,A4 (210 x 297) mm,128gsm gloss,Single sided,10000,fixed,,"R8,915.00",,0,no,,0,yes,Flyers - Litho 7-10 working days; Flyers; Paper Printing,,
39,PP-0039,Paper Printing,Flyers,,,Flyers - Litho 7-10 working days,A4 (210 x 297) mm,128gsm gloss,Double sided,5000,fixed,,"R6,375.00",,0,no,,0,yes,Flyers - Litho 7-10 working days; Flyers; Paper Printing,,
40,PP-0040,Paper Printing,Flyers,,,Flyers - Litho 7-10 working days,A4 (210 x 297) mm,128gsm gloss,Double sided,10000,fixed,,"R9,975.00",,0,no,,0,yes,Flyers - Litho 7-10 working days; Flyers; Paper Printing,,
41,PP-0041,Paper Printing,Notepads,,,Script pads Black and White 100 Pager,A5 (148 x 210) mm,80gsm bond,Single sided,6,fixed,,R400.00,,120,no,,0,yes,Script pads Black and White 100 Pager; Notepads; Paper Printing,,
42,PP-0042,Paper Printing,Notepads,,,Script pads Black and White 100 Pager,A5 (148 x 210) mm,80gsm bond,Single sided,10,fixed,,R550.00,,120,no,,0,yes,Script pads Black and White 100 Pager; Notepads; Paper Printing,,
43,PP-0043,Paper Printing,Notepads,,,Script pads Black and White 100 Pager,A5 (148 x 210) mm,80gsm bond,Single sided,20,fixed,,R800.00,,120,no,,0,yes,Script pads Black and White 100 Pager; Notepads; Paper Printing,,
44,PP-0044,Paper Printing,Notepads,,,Script pads Black and White 100 Pager,A4 (210 x 297) mm,80gsm bond,Single sided,6,fixed,,R800.00,,120,no,,0,yes,Script pads Black and White 100 Pager; Notepads; Paper Printing,,
45,PP-0045,Paper Printing,Notepads,,,Script pads Black and White 100 Pager,A4 (210 x 297) mm,80gsm bond,Single sided,10,fixed,,"R1,100.00",,120,no,,0,yes,Script pads Black and White 100 Pager; Notepads; Paper Printing,,
46,PP-0046,Paper Printing,Notepads,,,Script pads Black and White 100 Pager,A4 (210 x 297) mm,80gsm bond,Single sided,20,fixed,,"R1,600.00",,120,no,,0,yes,Script pads Black and White 100 Pager; Notepads; Paper Printing,,
47,PP-0047,Paper Printing,Notepads,,,Script pads Color 100 Pager,A5 (148 x 210) mm,80gsm bond,Single sided,6,fixed,,R500.00,,120,no,,0,yes,Script pads Color 100 Pager; Notepads; Paper Printing,,
48,PP-0048,Paper Printing,Notepads,,,Script pads Color 100 Pager,A5 (148 x 210) mm,80gsm bond,Single sided,10,fixed,,R700.00,,120,no,,0,yes,Script pads Color 100 Pager; Notepads; Paper Printing,,
49,PP-0049,Paper Printing,Notepads,,,Script pads Color 100 Pager,A5 (148 x 210) mm,80gsm bond,Single sided,20,fixed,,"R1,150.00",,120,no,,0,yes,Script pads Color 100 Pager; Notepads; Paper Printing,,
50,PP-0050,Paper Printing,Notepads,,,Script pads Color 100 Pager,A4 (210 x 297) mm,80gsm bond,Single sided,6,fixed,,"R1,000.00",,120,no,,0,yes,Script pads Color 100 Pager; Notepads; Paper Printing,,
51,PP-0051,Paper Printing,Notepads,,,Script pads Color 100 Pager,A4 (210 x 297) mm,80gsm bond,Single sided,10,fixed,,"R1,400.00",,120,no,,0,yes,Script pads Color 100 Pager; Notepads; Paper Printing,,
52,PP-0052,Paper Printing,Notepads,,,Script pads Color 100 Pager,A4 (210 x 297) mm,80gsm bond,Single sided,20,fixed,,"R2,300.00",,120,no,,0,yes,Script pads Color 100 Pager; Notepads; Paper Printing,,
53,PP-0053,Paper Printing,Carbon Copy Books,,,Self Carbon Books - Duplicate 100 Leaves,A5 (148 x 210) mm,58gsm NCR,Single sided,6,fixed,,R950.00,,250,no,,0,yes,Self Carbon Books - Duplicate 100 Leaves; Carbon Copy Books; Paper Printing,,
54,PP-0054,Paper Printing,Carbon Copy Books,,,Self Carbon Books - Duplicate 100 Leaves,A5 (148 x 210) mm,58gsm NCR,Single sided,10,fixed,,"R1,450.00",,250,no,,0,yes,Self Carbon Books - Duplicate 100 Leaves; Carbon Copy Books; Paper Printing,,
55,PP-0055,Paper Printing,Carbon Copy Books,,,Self Carbon Books - Duplicate 100 Leaves,A5 (148 x 210) mm,58gsm NCR,Single sided,20,fixed,,"R2,150.00",,250,no,,0,yes,Self Carbon Books - Duplicate 100 Leaves; Carbon Copy Books; Paper Printing,,
56,PP-0056,Paper Printing,Carbon Copy Books,,,Self Carbon Books - Triplicate 50 Leaves,A5 (148 x 210) mm,58gsm NCR,Single sided,6,fixed,,R950.00,,250,no,,0,yes,Self Carbon Books - Triplicate 50 Leaves; Carbon Copy Books; Paper Printing,,
57,PP-0057,Paper Printing,Carbon Copy Books,,,Self Carbon Books - Triplicate 50 Leaves,A5 (148 x 210) mm,58gsm NCR,Single sided,10,fixed,,"R1,450.00",,250,no,,0,yes,Self Carbon Books - Triplicate 50 Leaves; Carbon Copy Books; Paper Printing,,
58,PP-0058,Paper Printing,Carbon Copy Books,,,Self Carbon Books - Triplicate 50 Leaves,A5 (148 x 210) mm,58gsm NCR,Single sided,20,fixed,,"R2,150.00",,250,no,,0,yes,Self Carbon Books - Triplicate 50 Leaves; Carbon Copy Books; Paper Printing,,
59,PP-0059,Paper Printing,Carbon Copy Books,,,Self Carbon Books - Quadruplicate 50 Leaves,A5 (148 x 210) mm,58gsm NCR,Single sided,6,fixed,,"R1,550.00",,250,no,,0,yes,Self Carbon Books - Quadruplicate 50 Leaves; Carbon Copy Books; Paper Printing,,
60,PP-0060,Paper Printing,Carbon Copy Books,,,Self Carbon Books - Quadruplicate 50 Leaves,A5 (148 x 210) mm,58gsm NCR,Single sided,10,fixed,,"R2,550.00",,250,no,,0,yes,Self Carbon Books - Quadruplicate 50 Leaves; Carbon Copy Books; Paper Printing,,
61,PP-0061,Paper Printing,Carbon Copy Books,,,Self Carbon Books - Quadruplicate 50 Leaves,A5 (148 x 210) mm,58gsm NCR,Single sided,20,fixed,,"R4,800.00",,250,no,,0,yes,Self Carbon Books - Quadruplicate 50 Leaves; Carbon Copy Books; Paper Printing,,
62,PP-0062,Paper Printing,Carbon Copy Books,,,Self Carbon Books - Duplicate 100 Leaves,A4 (210 x 297) mm,58gsm NCR,Single sided,5,fixed,,"R1,350.00",,250,no,,0,yes,Self Carbon Books - Duplicate 100 Leaves; Carbon Copy Books; Paper Printing,,
63,PP-0063,Paper Printing,Carbon Copy Books,,,Self Carbon Books - Duplicate 100 Leaves,A4 (210 x 297) mm,58gsm NCR,Single sided,10,fixed,,"R2,350.00",,250,no,,0,yes,Self Carbon Books - Duplicate 100 Leaves; Carbon Copy Books; Paper Printing,,
64,PP-0064,Paper Printing,Carbon Copy Books,,,Self Carbon Books - Duplicate 100 Leaves,A4 (210 x 297) mm,58gsm NCR,Single sided,20,fixed,,"R4,400.00",,250,no,,0,yes,Self Carbon Books - Duplicate 100 Leaves; Carbon Copy Books; Paper Printing,,
65,PP-0065,Paper Printing,Carbon Copy Books,,,Self Carbon Books - Triplicate 50 Leaves,A4 (210 x 297) mm,58gsm NCR,Single sided,5,fixed,,"R1,350.00",,250,no,,0,yes,Self Carbon Books - Triplicate 50 Leaves; Carbon Copy Books; Paper Printing,,
66,PP-0066,Paper Printing,Carbon Copy Books,,,Self Carbon Books - Triplicate 50 Leaves,A4 (210 x 297) mm,58gsm NCR,Single sided,10,fixed,,"R2,350.00",,250,no,,0,yes,Self Carbon Books - Triplicate 50 Leaves; Carbon Copy Books; Paper Printing,,
67,PP-0067,Paper Printing,Carbon Copy Books,,,Self Carbon Books - Triplicate 50 Leaves,A4 (210 x 297) mm,58gsm NCR,Single sided,20,fixed,,"R4,400.00",,250,no,,0,yes,Self Carbon Books - Triplicate 50 Leaves; Carbon Copy Books; Paper Printing,,
68,PP-0068,Paper Printing,Carbon Copy Books,,,Self Carbon Books - Quadruplicate 50 Leaves,A4 (210 x 297) mm,58gsm NCR,Single sided,5,fixed,,"R1,550.00",,250,no,,0,yes,Self Carbon Books - Quadruplicate 50 Leaves; Carbon Copy Books; Paper Printing,,
69,PP-0069,Paper Printing,Carbon Copy Books,,,Self Carbon Books - Quadruplicate 50 Leaves,A4 (210 x 297) mm,58gsm NCR,Single sided,10,fixed,,"R2,550.00",,250,no,,0,yes,Self Carbon Books - Quadruplicate 50 Leaves; Carbon Copy Books; Paper Printing,,
70,PP-0070,Paper Printing,Carbon Copy Books,,,Self Carbon Books - Quadruplicate 50 Leaves,A4 (210 x 297) mm,58gsm NCR,Single sided,20,fixed,,"R4,800.00",,250,no,,0,yes,Self Carbon Books - Quadruplicate 50 Leaves; Carbon Copy Books; Paper Printing,,
71,PP-0071,Paper Printing,Photocopies,,,Photocopies Black and white,A4 (210 x 297) mm,80gsm Bond,Single sided,1,fixed,,R2.00,,0,no,,0,yes,Photocopies Black and white; Photocopies; Paper Printing,,
72,PP-0072,Paper Printing,Photocopies,,,Photocopies Black and white,A3 (297 x 210) mm,80gsm Bond,Single sided,1,fixed,,R4.00,,0,no,,0,yes,Photocopies Black and white; Photocopies; Paper Printing,,
73,PP-0073,Paper Printing,Photocopies,,,Photocopies Color,A4 (210 x 297) mm,80gsm Bond,Single sided,1,fixed,,R5.00,,0,no,,0,yes,Photocopies Color; Photocopies; Paper Printing,,
74,PP-0074,Paper Printing,Photocopies,,,Photocopies Color,A3 (297 x 210) mm,80gsm Bond,Single sided,1,fixed,,R10.00,,0,no,,0,yes,Photocopies Color; Photocopies; Paper Printing,,
75,PP-0075,Paper Printing,Photocopies,,,Photocopies Black and white,A4 (210 x 297) mm,80gsm Bond,Double sided,1,fixed,,R3.00,,0,no,,0,yes,Photocopies Black and white; Photocopies; Paper Printing,,
76,PP-0076,Paper Printing,Photocopies,,,Photocopies Black and white,A3 (297 x 210) mm,80gsm Bond,Double sided,1,fixed,,R6.00,,0,no,,0,yes,Photocopies Black and white; Photocopies; Paper Printing,,
77,PP-0077,Paper Printing,Photocopies,,,Photocopies Color,A4 (210 x 297) mm,80gsm Bond,Double sided,1,fixed,,R8.00,,0,no,,0,yes,Photocopies Color; Photocopies; Paper Printing,,
78,PP-0078,Paper Printing,Photocopies,,,Photocopies Color,A3 (297 x 210) mm,80gsm Bond,Double sided,1,fixed,,R15.00,,0,no,,0,yes,Photocopies Color; Photocopies; Paper Printing,,
79,PP-0079,Paper Printing,Photocopies,,,Photocopies Black and white,A4 (210 x 297) mm,300gsm - Laminated,Single sided,1,fixed,,R7.00,,0,no,,0,yes,Photocopies Black and white; Photocopies; Paper Printing,,
80,PP-0080,Paper Printing,Photocopies,,,Photocopies Black and white,A3 (297 x 210) mm,300gsm - Laminated,Single sided,1,fixed,,R14.00,,0,no,,0,yes,Photocopies Black and white; Photocopies; Paper Printing,,
81,PP-0081,Paper Printing,Photocopies,,,Photocopies Color,A4 (210 x 297) mm,300gsm - Laminated,Single sided,1,fixed,,R9.00,,0,no,,0,yes,Photocopies Color; Photocopies; Paper Printing,,
82,PP-0082,Paper Printing,Photocopies,,,Photocopies Color,A3 (297 x 210) mm,300gsm - Laminated,Single sided,1,fixed,,R20.00,,0,no,,0,yes,Photocopies Color; Photocopies; Paper Printing,,
83,PP-0083,Paper Printing,Photocopies,,,Photocopies Black and white,A4 (210 x 297) mm,300gsm - Laminated,Double sided,1,fixed,,R7.00,,0,no,,0,yes,Photocopies Black and white; Photocopies; Paper Printing,,
84,PP-0084,Paper Printing,Photocopies,,,Photocopies Black and white,A3 (297 x 210) mm,300gsm - Laminated,Double sided,1,fixed,,R16.00,,0,no,,0,yes,Photocopies Black and white; Photocopies; Paper Printing,,
85,PP-0085,Paper Printing,Photocopies,,,Photocopies Color,A4 (210 x 297) mm,300gsm - Laminated,Double sided,1,fixed,,R13.00,,0,no,,0,yes,Photocopies Color; Photocopies; Paper Printing,,
86,PP-0086,Paper Printing,Photocopies,,,Photocopies Color,A3 (297 x 210) mm,300gsm - Laminated,Double sided,1,fixed,,R25.00,,0,no,,0,yes,Photocopies Color; Photocopies; Paper Printing,,
87,PP-0087,Paper Printing,Bookmarks,,,Bookmarks,190 x 60mm,300 GSM,Single sided,>50,fixed,,R3.00,,120,no,,0,yes,bookmarks;bookmark printing,50,unit
88,PP-0088,Paper Printing,Bookmarks,,,Bookmarks,190 x 60mm,300 GSM,Double sided,>50,fixed,,R5.00,,120,no,,0,yes,bookmarks;bookmark printing,50,unit
89,PP-0089,Paper Printing,Bookmarks,,,Bookmarks,190 x 60mm,300 GSM - Laminated,Single sided,>50,fixed,,R4.00,,120,no,,0,yes,bookmarks laminated;bookmark printing,50,unit
90,PP-0090,Paper Printing,Bookmarks,,,Bookmarks,190 x 60mm,300 GSM - Laminated,Double sided,>50,fixed,,R6.00,,120,no,,0,yes,bookmarks laminated;bookmark printing,50,unit
91,PP-0091,Paper Printing,Folders,,,SRA3 Company folders,450 x 320mm,300GSM Semi gloss,Single sided,>20,fixed,,R12.00,,120,no,,0,yes,company folders;presentation folders,20,unit
92,PP-0092,Paper Printing,Folders,,,SRA3 Company folders with sleeve,450 x 320mm,300GSM Semi gloss,Single sided,>20,fixed,,R15.00,,120,no,,0,yes,company folders sleeve;presentation folders,20,unit
93,PP-0093,Paper Printing,Folders,,,SRA3 Company folders,450 x 320mm,300GSM Semi gloss,Double sided,>20,fixed,,R17.00,,240,no,,0,yes,company folders;presentation folders,20,unit
94,PP-0094,Paper Printing,Folders,,,SRA3 Company folders with sleeve,450 x 320mm,300GSM Semi gloss,Double sided,>20,fixed,,R22.00,,240,no,,0,yes,company folders sleeve;presentation folders,20,unit
95,PP-0095,Paper Printing,Folders,,,SRA3 Company folders,450 x 320mm,300GSM Laminated,Single sided,>20,fixed,,R22.00,,120,no,,0,yes,company folders laminated;presentation folders,20,unit
96,PP-0096,Paper Printing,Folders,,,SRA3 Company folders with sleeve,450 x 320mm,300GSM Laminated,Single sided,>20,fixed,,R25.00,,120,no,,0,yes,company folders laminated sleeve;presentation folders,20,unit
97,PP-0097,Paper Printing,Folders,,,SRA3 Company folders,450 x 320mm,300GSM Laminated,Double sided,>20,fixed,,R27.00,,240,no,,0,yes,company folders laminated;presentation folders,20,unit
98,PP-0098,Paper Printing,Folders,,,SRA3 Company folders with sleeve,450 x 320mm,300GSM Laminated,Double sided,>20,fixed,,R32.00,,240,no,,0,yes,company folders laminated sleeve;presentation folders,20,unit
99,PP-0099,Paper Printing,Calendars,,,A3 Calendars - with punched hole,420 x 297mm,300GSM,Single sided,>50,fixed,,R9.00,,250,no,,0,yes,calendar print;a3 calendar,50,unit
100,PP-0100,Paper Printing,Calendars,,,A4 Calendars - with punched hole,210x 297mm,300GSM,Single sided,>50,fixed,,R7.00,,250,no,,0,yes,calendar print;a4 calendar,50,unit
101,PP-0101,Paper Printing,Calendars,,,A4 Tent Calendars,99 x 99 x 99 x 210mm,300GSM,Single sided,>51,fixed,,R12.00,,250,no,,0,yes,tent calendar;desk calendar,51,unit
102,LBL-0102,Label Printing,Paper Labels,,,Paper budget black and white - non waterproof,27 x 13mm,Self Adhesive,Single sided,1000,fixed,,R70.00,,0,no,,0,yes,Paper budget black and white - non waterproof; Paper Labels; Label Printing,,
103,LBL-0103,Label Printing,Paper Labels,,,Paper budget black and white - non waterproof,40 x 26mm,Self Adhesive,Single sided,1000,fixed,,R90.00,,0,no,,0,yes,Paper budget black and white - non waterproof; Paper Labels; Label Printing,,
104,LBL-0104,Label Printing,Vinyl Labels,,,Budget Vinyl Labels 80 Micron Waterproof,Custom,Self Adhesive,Single sided,1,sqm,120,,60,120,no,,0,yes,Budget Vinyl Labels 80 Micron Waterproof; Vinyl Labels; Label Printing,,
105,LBL-0105,Label Printing,Vinyl Labels,,,Premium Vinyl Labels 160 Micron Waterproof,Custom,Self Adhesive - Laminated,Single sided,1,sqm,180,,100,120,no,,0,yes,Premium Vinyl Labels 160 Micron Waterproof; Vinyl Labels; Label Printing,,
106,LFP-0106,Large Format Printing - Supply Only,Vinyl Roll,,,Econo Vinyl 1-2 Year Print 1330,1 x 1330mm,Self Adhesive,Single sided,1,fixed,,R120.00,,0,no,,0,yes,Econo Vinyl 1-2 Year Print 1330; Vinyl Roll; Large Format Printing - Supply Only,,
107,LFP-0107,Large Format Printing - Supply Only,Vinyl Roll,,,Greyback Vinyl 1-2 Year Print 1330,1 x 1330mm,Self Adhesive,Single sided,1,fixed,,R140.00,,0,no,,0,yes,Greyback Vinyl 1-2 Year Print 1330; Vinyl Roll; Large Format Printing - Supply Only,,
108,LFP-0108,Large Format Printing - Supply Only,Vinyl Roll,,,Premium vinyl 3-5Year Print 1330,1 x 1330mm,Self Adhesive,Single sided,1,fixed,,R180.00,,0,no,,0,yes,Premium vinyl 3-5Year Print 1330; Vinyl Roll; Large Format Printing - Supply Only,,
109,LFP-0109,Large Format Printing - Supply Only,Vinyl Roll,,,Sandblast vinyl Print 1200,1 x 1200mm,Self Adhesive,Single sided,1,fixed,,R180.00,,0,no,,0,yes,Sandblast vinyl Print 1200; Vinyl Roll; Large Format Printing - Supply Only,,
110,LFP-0110,Large Format Printing - Supply Only,Vinyl Roll,,,Contravision 1Year Print 1330,1 x 1330mm,Self Adhesive,Single sided,1,fixed,,R180.00,,0,no,,0,yes,Contravision 1Year Print 1330; Vinyl Roll; Large Format Printing - Supply Only,,
111,LFP-0111,Large Format Printing - Supply Only,PVC Banner Roll,,,PVC Banner 1 Year Print 1330,1 x 1330mm,Self Adhesive,Single sided,1,fixed,,R150.00,,0,no,,0,yes,PVC Banner 1 Year Print 1330; PVC Banner Roll; Large Format Printing - Supply Only,,
112,LFP-0112,Large Format Printing - Supply Only,PVC Banner Roll,,,PVC Banner 1year Print 1580,1 x 1580mm,Self Adhesive,Single sided,1,fixed,,R150.00,,0,no,,0,yes,PVC Banner 1year Print 1580; PVC Banner Roll; Large Format Printing - Supply Only,,
113,LFP-0113,Large Format Printing - Supply Only,PVC Banner Roll,,,PVC Banner Print 3200mm,1 x 3200mm,Self Adhesive,Single sided,1,fixed,,R150.00,,0,no,,0,yes,PVC Banner Print 3200mm; PVC Banner Roll; Large Format Printing - Supply Only,,
114,OS-0114,Outdoor Signs 3 - 5 year life span,ACM Signs,,,ACM - Aluminium Bond sheets 3mm thick,300 x 200mm,Gloss laminate,Single sided,1,fixed,,R80.00,,0,,,350,yes,ACM - Aluminium Bond sheets 3mm thick; ACM Signs; Outdoor Signs 3 - 5 year life span,,
115,OS-0115,Outdoor Signs 3 - 5 year life span,ACM Signs,,,ACM - Aluminium Bond sheets 3mm thick,400 x 300mm,Gloss laminate,Single sided,1,fixed,,R120.00,,0,,,350,yes,ACM - Aluminium Bond sheets 3mm thick; ACM Signs; Outdoor Signs 3 - 5 year life span,,
116,OS-0116,Outdoor Signs 3 - 5 year life span,ACM Signs,,,ACM - Aluminium Bond sheets 3mm thick,612 x 400mm,Gloss laminate,Single sided,1,fixed,,R250.00,,0,,,350,yes,ACM - Aluminium Bond sheets 3mm thick; ACM Signs; Outdoor Signs 3 - 5 year life span,,
117,OS-0117,Outdoor Signs 3 - 5 year life span,ACM Signs,,,ACM - Aluminium Bond sheets 3mm thick,612 x 800mm,Gloss laminate,Single sided,1,fixed,,R375.00,,0,,,350,yes,ACM - Aluminium Bond sheets 3mm thick; ACM Signs; Outdoor Signs 3 - 5 year life span,,
118,OS-0118,Outdoor Signs 3 - 5 year life span,ACM Signs,,,ACM - Aluminium Bond sheets 3mm thick,1225 x 612mm,Gloss laminate,Single sided,1,fixed,,R525.00,,0,,,500,yes,ACM - Aluminium Bond sheets 3mm thick; ACM Signs; Outdoor Signs 3 - 5 year life span,,
119,OS-0119,Outdoor Signs 3 - 5 year life span,ACM Signs,,,ACM - Aluminium Bond sheets 3mm thick,2450 x 612mm,Gloss laminate,Single sided,1,fixed,,R950.00,,0,,,500,yes,ACM - Aluminium Bond sheets 3mm thick; ACM Signs; Outdoor Signs 3 - 5 year life span,,
120,OS-0120,Outdoor Signs 3 - 5 year life span,ACM Signs,,,ACM - Aluminium Bond sheets 3mm thick,1225 x 1225mm,Gloss laminate,Single sided,1,fixed,,R950.00,,0,,,500,yes,ACM - Aluminium Bond sheets 3mm thick; ACM Signs; Outdoor Signs 3 - 5 year life span,,
121,OS-0121,Outdoor Signs 3 - 5 year life span,ACM Signs,,,ACM - Aluminium Bond sheets 3mm thick,2450 x 1225mm,Gloss laminate,Single sided,1,fixed,,"R1,750.00",,0,,,500,yes,ACM - Aluminium Bond sheets 3mm thick; ACM Signs; Outdoor Signs 3 - 5 year life span,,
122,OS-0122,Outdoor Signs 3 - 5 year life span,ACM Signs,,,ACM - Aluminium Bond sheets 3mm thick,2450 x 2450mm,Gloss laminate,Single sided,1,fixed,,"R3,500.00",,0,,,750,yes,ACM - Aluminium Bond sheets 3mm thick; ACM Signs; Outdoor Signs 3 - 5 year life span,,
123,OS-0123,Outdoor Signs 3 - 5 year life span,ACM Signs,,,ACM - Aluminium Bond sheets 3mm thick,4900 x 1225mm,Gloss laminate,Single sided,1,fixed,,"R3,500.00",,0,,,950,yes,ACM - Aluminium Bond sheets 3mm thick; ACM Signs; Outdoor Signs 3 - 5 year life span,,
124,OS-0124,Outdoor Signs 3 - 5 year life span,ACM Signs,,,ACM - Aluminium Bond sheets 3mm thick,7200 x 1225mm,Gloss laminate,Single sided,1,fixed,,"R5,250.00",,0,,,1350,yes,ACM - Aluminium Bond sheets 3mm thick; ACM Signs; Outdoor Signs 3 - 5 year life span,,
125,OS-0125,Outdoor Signs 3 - 5 year life span,ACM Signs,,,ACM - Aluminium Bond sheets 3mm thick,9600 x 1225mm,Gloss laminate,Single sided,1,fixed,,"R7,000.00",,0,,,1750,yes,ACM - Aluminium Bond sheets 3mm thick; ACM Signs; Outdoor Signs 3 - 5 year life span,,
126,OS-0126,Outdoor Signs 3 - 5 year life span,ACM Signs,,,ACM - Aluminium Bond sheets 3mm thick,300 x 200mm,Gloss laminate,Double sided,1,fixed,,R104.00,,0,,,350,yes,ACM - Aluminium Bond sheets 3mm thick; ACM Signs; Outdoor Signs 3 - 5 year life span,,
127,OS-0127,Outdoor Signs 3 - 5 year life span,ACM Signs,,,ACM - Aluminium Bond sheets 3mm thick,400 x 300mm,Gloss laminate,Double sided,1,fixed,,R156.00,,0,,,350,yes,ACM - Aluminium Bond sheets 3mm thick; ACM Signs; Outdoor Signs 3 - 5 year life span,,
128,OS-0128,Outdoor Signs 3 - 5 year life span,ACM Signs,,,ACM - Aluminium Bond sheets 3mm thick,612 x 400mm,Gloss laminate,Double sided,1,fixed,,R325.00,,0,,,350,yes,ACM - Aluminium Bond sheets 3mm thick; ACM Signs; Outdoor Signs 3 - 5 year life span,,
129,OS-0129,Outdoor Signs 3 - 5 year life span,ACM Signs,,,ACM - Aluminium Bond sheets 3mm thick,612 x 800mm,Gloss laminate,Double sided,1,fixed,,R487.50,,0,,,350,yes,ACM - Aluminium Bond sheets 3mm thick; ACM Signs; Outdoor Signs 3 - 5 year life span,,
130,OS-0130,Outdoor Signs 3 - 5 year life span,ACM Signs,,,ACM - Aluminium Bond sheets 3mm thick,1225 x 612mm,Gloss laminate,Double sided,1,fixed,,R682.50,,0,,,500,yes,ACM - Aluminium Bond sheets 3mm thick; ACM Signs; Outdoor Signs 3 - 5 year life span,,
131,OS-0131,Outdoor Signs 3 - 5 year life span,ACM Signs,,,ACM - Aluminium Bond sheets 3mm thick,1225 x 1225mm,Gloss laminate,Double sided,1,fixed,,"R1,235.00",,0,,,500,yes,ACM - Aluminium Bond sheets 3mm thick; ACM Signs; Outdoor Signs 3 - 5 year life span,,
132,OS-0132,Outdoor Signs 3 - 5 year life span,ACM Signs,,,ACM - Aluminium Bond sheets 3mm thick,2450 x 612mm,Gloss laminate,Double sided,1,fixed,,"R1,235.00",,0,,,500,yes,ACM - Aluminium Bond sheets 3mm thick; ACM Signs; Outdoor Signs 3 - 5 year life span,,
133,OS-0133,Outdoor Signs 3 - 5 year life span,ACM Signs,,,ACM - Aluminium Bond sheets 3mm thick,2450 x 1225mm,Gloss laminate,Double sided,1,fixed,,"R2,275.00",,0,,,500,yes,ACM - Aluminium Bond sheets 3mm thick; ACM Signs; Outdoor Signs 3 - 5 year life span,,
134,OS-0134,Outdoor Signs 3 - 5 year life span,ACM Signs,,,ACM - Aluminium Bond sheets 3mm thick,2450 x 2450mm,Gloss laminate,Double sided,1,fixed,,"R4,550.00",,0,,,750,yes,ACM - Aluminium Bond sheets 3mm thick; ACM Signs; Outdoor Signs 3 - 5 year life span,,
135,OS-0135,Outdoor Signs 3 - 5 year life span,ACM Signs,,,ACM - Aluminium Bond sheets 3mm thick,4900 x 1225mm,Gloss laminate,Double sided,1,fixed,,"R4,550.00",,0,,,950,yes,ACM - Aluminium Bond sheets 3mm thick; ACM Signs; Outdoor Signs 3 - 5 year life span,,
136,OS-0136,Outdoor Signs 3 - 5 year life span,ACM Signs,,,ACM - Aluminium Bond sheets 3mm thick,7200 x 1225mm,Gloss laminate,Double sided,1,fixed,,"R6,825.00",,0,,,1350,yes,ACM - Aluminium Bond sheets 3mm thick; ACM Signs; Outdoor Signs 3 - 5 year life span,,
137,OS-0137,Outdoor Signs 3 - 5 year life span,ACM Signs,,,ACM - Aluminium Bond sheets 3mm thick,9600 x 1225mm,Gloss laminate,Double sided,1,fixed,,"R9,100.00",,0,,,1750,yes,ACM - Aluminium Bond sheets 3mm thick; ACM Signs; Outdoor Signs 3 - 5 year life span,,
138,OS-0138,Outdoor Signs 3 - 5 year life span,ACM Signs with Frame,,,ACM - Aluminium Bond sheets 3mm thick + 25 x 25mm Square tube frame,300 x 200mm,Gloss laminate,Single sided,1,fixed,,R175.00,,0,,,350,yes,ACM - Aluminium Bond sheets 3mm thick + 25 x 25mm Square tube frame; ACM Signs with Frame; Outdoor Signs 3 - 5 year life span,,
139,OS-0139,Outdoor Signs 3 - 5 year life span,ACM Signs with Frame,,,ACM - Aluminium Bond sheets 3mm thick + 25 x 25mm Square tube frame,400 x 300mm,Gloss laminate,Single sided,1,fixed,,R200.00,,0,,,350,yes,ACM - Aluminium Bond sheets 3mm thick + 25 x 25mm Square tube frame; ACM Signs with Frame; Outdoor Signs 3 - 5 year life span,,
140,OS-0140,Outdoor Signs 3 - 5 year life span,ACM Signs with Frame,,,ACM - Aluminium Bond sheets 3mm thick + 25 x 25mm Square tube frame,612 x 400mm,Gloss laminate,Single sided,1,fixed,,R375.00,,0,,,350,yes,ACM - Aluminium Bond sheets 3mm thick + 25 x 25mm Square tube frame; ACM Signs with Frame; Outdoor Signs 3 - 5 year life span,,
141,OS-0141,Outdoor Signs 3 - 5 year life span,ACM Signs with Frame,,,ACM - Aluminium Bond sheets 3mm thick + 25 x 25mm Square tube frame,612 x 800mm,Gloss laminate,Single sided,1,fixed,,R550.00,,0,,,350,yes,ACM - Aluminium Bond sheets 3mm thick + 25 x 25mm Square tube frame; ACM Signs with Frame; Outdoor Signs 3 - 5 year life span,,
142,OS-0142,Outdoor Signs 3 - 5 year life span,ACM Signs with Frame,,,ACM - Aluminium Bond sheets 3mm thick + 25 x 25mm Square tube frame,1225 x 612mm,Gloss laminate,Single sided,1,fixed,,R825.00,,0,1,1000,500,yes,ACM - Aluminium Bond sheets 3mm thick + 25 x 25mm Square tube frame; ACM Signs with Frame; Outdoor Signs 3 - 5 year life span,,
143,OS-0143,Outdoor Signs 3 - 5 year life span,ACM Signs with Frame,,,ACM - Aluminium Bond sheets 3mm thick + 25 x 25mm Square tube frame,1225 x 1225mm,Gloss laminate,Single sided,1,fixed,,"R1,350.00",,0,2,500,500,yes,ACM - Aluminium Bond sheets 3mm thick + 25 x 25mm Square tube frame; ACM Signs with Frame; Outdoor Signs 3 - 5 year life span,,
144,OS-0144,Outdoor Signs 3 - 5 year life span,ACM Signs with Frame,,,ACM - Aluminium Bond sheets 3mm thick + 25 x 25mm Square tube frame,2450 x 612mm,Gloss laminate,Single sided,1,fixed,,"R1,350.00",,0,2,750,500,yes,ACM - Aluminium Bond sheets 3mm thick + 25 x 25mm Square tube frame; ACM Signs with Frame; Outdoor Signs 3 - 5 year life span,,
145,OS-0145,Outdoor Signs 3 - 5 year life span,ACM Signs with Frame,,,ACM - Aluminium Bond sheets 3mm thick + 25 x 25mm Square tube frame,2450 x 1225mm,Gloss laminate,Single sided,1,fixed,,"R2,250.00",,0,2,750,500,yes,ACM - Aluminium Bond sheets 3mm thick + 25 x 25mm Square tube frame; ACM Signs with Frame; Outdoor Signs 3 - 5 year life span,,
146,OS-0146,Outdoor Signs 3 - 5 year life span,ACM Signs with Frame,,,ACM - Aluminium Bond sheets 3mm thick + 25 x 25mm Square tube frame,2450 x 2450mm,Gloss laminate,Single sided,1,fixed,,"R4,750.00",,0,2,1000,750,yes,ACM - Aluminium Bond sheets 3mm thick + 25 x 25mm Square tube frame; ACM Signs with Frame; Outdoor Signs 3 - 5 year life span,,
147,OS-0147,Outdoor Signs 3 - 5 year life span,ACM Signs with Frame,,,ACM - Aluminium Bond sheets 3mm thick + 25 x 25mm Square tube frame,4900 x 1225mm,Gloss laminate,Single sided,1,fixed,,"R4,750.00",,0,2,1000,950,yes,ACM - Aluminium Bond sheets 3mm thick + 25 x 25mm Square tube frame; ACM Signs with Frame; Outdoor Signs 3 - 5 year life span,,
148,OS-0148,Outdoor Signs 3 - 5 year life span,ACM Signs with Frame,,,ACM - Aluminium Bond sheets 3mm thick + 25 x 25mm Square tube frame,7200 x 1225mm,Gloss laminate,Single sided,1,fixed,,"R6,750.00",,0,3,1000,1350,yes,ACM - Aluminium Bond sheets 3mm thick + 25 x 25mm Square tube frame; ACM Signs with Frame; Outdoor Signs 3 - 5 year life span,,
149,OS-0149,Outdoor Signs 3 - 5 year life span,ACM Signs with Frame,,,ACM - Aluminium Bond sheets 3mm thick + 25 x 25mm Square tube frame,9600 x 1225mm,Gloss laminate,Single sided,1,fixed,,"R9,250.00",,0,4,1000,1750,yes,ACM - Aluminium Bond sheets 3mm thick + 25 x 25mm Square tube frame; ACM Signs with Frame; Outdoor Signs 3 - 5 year life span,,
150,OS-0150,Outdoor Signs 3 - 5 year life span,ACM Signs with Frame,,,ACM - Aluminium Bond sheets 3mm thick + 25 x 25mm Square tube frame,300 x 200mm,Gloss laminate + Aluminium Edging,Single sided,1,fixed,,R220.00,,0,,,350,yes,ACM - Aluminium Bond sheets 3mm thick + 25 x 25mm Square tube frame; ACM Signs with Frame; Outdoor Signs 3 - 5 year life span,,
151,OS-0151,Outdoor Signs 3 - 5 year life span,ACM Signs with Frame,,,ACM - Aluminium Bond sheets 3mm thick + 25 x 25mm Square tube frame,400 x 300mm,Gloss laminate + Aluminium Edging,Single sided,1,fixed,,R263.00,,0,,,350,yes,ACM - Aluminium Bond sheets 3mm thick + 25 x 25mm Square tube frame; ACM Signs with Frame; Outdoor Signs 3 - 5 year life span,,
152,OS-0152,Outdoor Signs 3 - 5 year life span,ACM Signs with Frame,,,ACM - Aluminium Bond sheets 3mm thick + 25 x 25mm Square tube frame,612 x 400mm,Gloss laminate + Aluminium Edging,Single sided,1,fixed,,R465.00,,0,,,350,yes,ACM - Aluminium Bond sheets 3mm thick + 25 x 25mm Square tube frame; ACM Signs with Frame; Outdoor Signs 3 - 5 year life span,,
153,OS-0153,Outdoor Signs 3 - 5 year life span,ACM Signs with Frame,,,ACM - Aluminium Bond sheets 3mm thick + 25 x 25mm Square tube frame,612 x 800mm,Gloss laminate + Aluminium Edging,Single sided,1,fixed,,R676.00,,0,,,350,yes,ACM - Aluminium Bond sheets 3mm thick + 25 x 25mm Square tube frame; ACM Signs with Frame; Outdoor Signs 3 - 5 year life span,,
154,OS-0154,Outdoor Signs 3 - 5 year life span,ACM Signs with Frame,,,ACM - Aluminium Bond sheets 3mm thick + 25 x 25mm Square tube frame,1225 x 612mm,Gloss laminate + Aluminium Edging,Single sided,1,fixed,,R990.00,,0,1,1000,500,yes,ACM - Aluminium Bond sheets 3mm thick + 25 x 25mm Square tube frame; ACM Signs with Frame; Outdoor Signs 3 - 5 year life span,,
155,OS-0155,Outdoor Signs 3 - 5 year life span,ACM Signs with Frame,,,ACM - Aluminium Bond sheets 3mm thick + 25 x 25mm Square tube frame,1225 x 1225mm,Gloss laminate + Aluminium Edging,Single sided,1,fixed,,"R1,625.00",,0,2,500,500,yes,ACM - Aluminium Bond sheets 3mm thick + 25 x 25mm Square tube frame; ACM Signs with Frame; Outdoor Signs 3 - 5 year life span,,
156,OS-0156,Outdoor Signs 3 - 5 year life span,ACM Signs with Frame,,,ACM - Aluminium Bond sheets 3mm thick + 25 x 25mm Square tube frame,2450 x 612mm,Gloss laminate + Aluminium Edging,Single sided,1,fixed,,"R1,625.00",,0,2,750,500,yes,ACM - Aluminium Bond sheets 3mm thick + 25 x 25mm Square tube frame; ACM Signs with Frame; Outdoor Signs 3 - 5 year life span,,
157,OS-0157,Outdoor Signs 3 - 5 year life span,ACM Signs with Frame,,,ACM - Aluminium Bond sheets 3mm thick + 25 x 25mm Square tube frame,2450 x 1225mm,Gloss laminate + Aluminium Edging,Single sided,1,fixed,,"R2,580.00",,0,2,750,500,yes,ACM - Aluminium Bond sheets 3mm thick + 25 x 25mm Square tube frame; ACM Signs with Frame; Outdoor Signs 3 - 5 year life span,,
158,OS-0158,Outdoor Signs 3 - 5 year life span,ACM Signs with Frame,,,ACM - Aluminium Bond sheets 3mm thick + 25 x 25mm Square tube frame,2450 x 2450mm,Gloss laminate + Aluminium Edging,Single sided,1,fixed,,"R5,200.00",,0,2,1000,750,yes,ACM - Aluminium Bond sheets 3mm thick + 25 x 25mm Square tube frame; ACM Signs with Frame; Outdoor Signs 3 - 5 year life span,,
159,OS-0159,Outdoor Signs 3 - 5 year life span,ACM Signs with Frame,,,ACM - Aluminium Bond sheets 3mm thick + 25 x 25mm Square tube frame,4900 x 1225mm,Gloss laminate + Aluminium Edging,Single sided,1,fixed,,"R5,312.00",,0,2,1000,950,yes,ACM - Aluminium Bond sheets 3mm thick + 25 x 25mm Square tube frame; ACM Signs with Frame; Outdoor Signs 3 - 5 year life span,,
160,OS-0160,Outdoor Signs 3 - 5 year life span,ACM Signs with Frame,,,ACM - Aluminium Bond sheets 3mm thick + 25 x 25mm Square tube frame,7200 x 1225mm,Gloss laminate + Aluminium Edging,Single sided,1,fixed,,"R7,506.00",,0,3,1000,1350,yes,ACM - Aluminium Bond sheets 3mm thick + 25 x 25mm Square tube frame; ACM Signs with Frame; Outdoor Signs 3 - 5 year life span,,
161,OS-0161,Outdoor Signs 3 - 5 year life span,ACM Signs with Frame,,,ACM - Aluminium Bond sheets 3mm thick + 25 x 25mm Square tube frame,9600 x 1225mm,Gloss laminate + Aluminium Edging,Single sided,1,fixed,,"R10,222.00",,0,4,1000,1750,yes,ACM - Aluminium Bond sheets 3mm thick + 25 x 25mm Square tube frame; ACM Signs with Frame; Outdoor Signs 3 - 5 year life span,,
162,OS-0162,Outdoor Signs 3 - 5 year life span,ACM Signs with Frame,,,ACM - Aluminium Bond sheets 3mm thick + 25 x 25mm Square tube frame,Custom,Gloss laminate + Aluminium Edging,Single sided,1,sqm,650,,,0,,,0,yes,ACM - Aluminium Bond sheets 3mm thick + 25 x 25mm Square tube frame; ACM Signs with Frame; Outdoor Signs 3 - 5 year life span,,
163,ABS-0163,Plastic Signs ABS - Outdoor,ABS Signs,,,0.6mm thick 6-12 months Lifespan,300 x 200mm,Gloss Laminated,Single sided,1,fixed,,R60.00,,,,,,yes,0.6mm thick 6-12 months Lifespan; ABS Signs; Plastic Signs ABS - Outdoor,,
164,ABS-0164,Plastic Signs ABS - Outdoor,ABS Signs,,,0.6mm thick 6-12 months Lifespan,400 x 300mm,Gloss Laminated,Single sided,1,fixed,,R80.00,,,,,,yes,0.6mm thick 6-12 months Lifespan; ABS Signs; Plastic Signs ABS - Outdoor,,
165,ABS-0165,Plastic Signs ABS - Outdoor,ABS Signs,,,0.6mm thick 6-12 months Lifespan,600 x 400mm,Gloss Laminated,Single sided,1,fixed,,R150.00,,,,,,yes,0.6mm thick 6-12 months Lifespan; ABS Signs; Plastic Signs ABS - Outdoor,,
166,ABS-0166,Plastic Signs ABS - Outdoor,ABS Signs,,,0.6mm thick 6-12 months Lifespan,600x 800mm,Gloss Laminated,Single sided,1,fixed,,R250.00,,,,,,yes,0.6mm thick 6-12 months Lifespan; ABS Signs; Plastic Signs ABS - Outdoor,,
167,ABS-0167,Plastic Signs ABS - Outdoor,ABS Signs,,,0.6mm thick 6-12 months Lifespan,1200 x 800mm,Gloss Laminated,Single sided,1,fixed,,R475.00,,,,,,yes,0.6mm thick 6-12 months Lifespan; ABS Signs; Plastic Signs ABS - Outdoor,,
168,ABS-0168,Plastic Signs ABS - Outdoor,ABS Signs,,,0.6mm thick 6-12 months Lifespan,2450 x 600mm,Gloss Laminated,Single sided,1,fixed,,R675.00,,,,,,yes,0.6mm thick 6-12 months Lifespan; ABS Signs; Plastic Signs ABS - Outdoor,,
169,ABS-0169,Plastic Signs ABS - Outdoor,ABS Signs,,,0.6mm thick 6-12 months Lifespan,2450 x 1200mm,Gloss Laminated,Single sided,1,fixed,,R900.00,,,,,,yes,0.6mm thick 6-12 months Lifespan; ABS Signs; Plastic Signs ABS - Outdoor,,
170,ABS-0170,Plastic Signs ABS - Outdoor,ABS Signs,,,0.6mm thick 6-12 months Lifespan,300 x 200mm,Gloss Laminated,Double sided,1,fixed,,R60.00,,,,,,yes,0.6mm thick 6-12 months Lifespan; ABS Signs; Plastic Signs ABS - Outdoor,,
171,ABS-0171,Plastic Signs ABS - Outdoor,ABS Signs,,,0.6mm thick 6-12 months Lifespan,400 x 300mm,Gloss Laminated,Double sided,1,fixed,,R80.00,,,,,,yes,0.6mm thick 6-12 months Lifespan; ABS Signs; Plastic Signs ABS - Outdoor,,
172,ABS-0172,Plastic Signs ABS - Outdoor,ABS Signs,,,0.6mm thick 6-12 months Lifespan,600 x 400mm,Gloss Laminated,Double sided,1,fixed,,R150.00,,,,,,yes,0.6mm thick 6-12 months Lifespan; ABS Signs; Plastic Signs ABS - Outdoor,,
173,ABS-0173,Plastic Signs ABS - Outdoor,ABS Signs,,,0.6mm thick 6-12 months Lifespan,600x 800mm,Gloss Laminated,Double sided,1,fixed,,R250.00,,,,,,yes,0.6mm thick 6-12 months Lifespan; ABS Signs; Plastic Signs ABS - Outdoor,,
174,ABS-0174,Plastic Signs ABS - Outdoor,ABS Signs,,,0.6mm thick 6-12 months Lifespan,1200 x 800mm,Gloss Laminated,Double sided,1,fixed,,R475.00,,,,,,yes,0.6mm thick 6-12 months Lifespan; ABS Signs; Plastic Signs ABS - Outdoor,,
175,ABS-0175,Plastic Signs ABS - Outdoor,ABS Signs,,,0.6mm thick 6-12 months Lifespan,2450 x 600mm,Gloss Laminated,Double sided,1,fixed,,R675.00,,,,,,yes,0.6mm thick 6-12 months Lifespan; ABS Signs; Plastic Signs ABS - Outdoor,,
176,ABS-0176,Plastic Signs ABS - Outdoor,ABS Signs,,,0.6mm thick 6-12 months Lifespan,2450 x 1200mm,Gloss Laminated,Double sided,1,fixed,,R900.00,,,,,,yes,0.6mm thick 6-12 months Lifespan; ABS Signs; Plastic Signs ABS - Outdoor,,
177,COR-0177,Corex Plastic Signs - Outdoor,Corex Signs,,,3mm thick 3-6 months Lifespan,300 x 200mm,Standard,Single sided,1,fixed,,R50.00,,,,,,yes,3mm thick 3-6 months Lifespan; Corex Signs; Corex Plastic Signs - Outdoor,,
178,COR-0178,Corex Plastic Signs - Outdoor,Corex Signs,,,3mm thick 3-6 months Lifespan,400 x 300mm,Standard,Single sided,1,fixed,,R70.00,,,,,,yes,3mm thick 3-6 months Lifespan; Corex Signs; Corex Plastic Signs - Outdoor,,
179,COR-0179,Corex Plastic Signs - Outdoor,Corex Signs,,,3mm thick 3-6 months Lifespan,600 x 400mm,Standard,Single sided,1,fixed,,R120.00,,,,,,yes,3mm thick 3-6 months Lifespan; Corex Signs; Corex Plastic Signs - Outdoor,,
180,COR-0180,Corex Plastic Signs - Outdoor,Corex Signs,,,3mm thick 3-6 months Lifespan,600x 800mm,Standard,Single sided,1,fixed,,R200.00,,,,,,yes,3mm thick 3-6 months Lifespan; Corex Signs; Corex Plastic Signs - Outdoor,,
181,COR-0181,Corex Plastic Signs - Outdoor,Corex Signs,,,3mm thick 3-6 months Lifespan,1200 x 800mm,Standard,Single sided,1,fixed,,R350.00,,,,,,yes,3mm thick 3-6 months Lifespan; Corex Signs; Corex Plastic Signs - Outdoor,,
182,COR-0182,Corex Plastic Signs - Outdoor,Corex Signs,,,3mm thick 3-6 months Lifespan,2450 x 600mm,Standard,Single sided,1,fixed,,R400.00,,,,,,yes,3mm thick 3-6 months Lifespan; Corex Signs; Corex Plastic Signs - Outdoor,,
183,COR-0183,Corex Plastic Signs - Outdoor,Corex Signs,,,3mm thick 3-6 months Lifespan,2450 x 1200mm,Standard,Single sided,1,fixed,,R650.00,,,,,,yes,3mm thick 3-6 months Lifespan; Corex Signs; Corex Plastic Signs - Outdoor,,
184,COR-0184,Corex Plastic Signs - Outdoor,Corex Signs,,,3mm thick 3-6 months Lifespan,300 x 200mm,Standard,Double sided,1,fixed,,R65.00,,,,,,yes,3mm thick 3-6 months Lifespan; Corex Signs; Corex Plastic Signs - Outdoor,,
185,COR-0185,Corex Plastic Signs - Outdoor,Corex Signs,,,3mm thick 3-6 months Lifespan,400 x 300mm,Standard,Double sided,1,fixed,,R91.00,,,,,,yes,3mm thick 3-6 months Lifespan; Corex Signs; Corex Plastic Signs - Outdoor,,
186,COR-0186,Corex Plastic Signs - Outdoor,Corex Signs,,,3mm thick 3-6 months Lifespan,600 x 400mm,Standard,Double sided,1,fixed,,R156.00,,,,,,yes,3mm thick 3-6 months Lifespan; Corex Signs; Corex Plastic Signs - Outdoor,,
187,COR-0187,Corex Plastic Signs - Outdoor,Corex Signs,,,3mm thick 3-6 months Lifespan,600x 800mm,Standard,Double sided,1,fixed,,R260.00,,,,,,yes,3mm thick 3-6 months Lifespan; Corex Signs; Corex Plastic Signs - Outdoor,,
188,COR-0188,Corex Plastic Signs - Outdoor,Corex Signs,,,3mm thick 3-6 months Lifespan,1200 x 800mm,Standard,Double sided,1,fixed,,R455.00,,,,,,yes,3mm thick 3-6 months Lifespan; Corex Signs; Corex Plastic Signs - Outdoor,,
189,COR-0189,Corex Plastic Signs - Outdoor,Corex Signs,,,3mm thick 3-6 months Lifespan,2450 x 600mm,Standard,Double sided,1,fixed,,R520.00,,,,,,yes,3mm thick 3-6 months Lifespan; Corex Signs; Corex Plastic Signs - Outdoor,,
190,COR-0190,Corex Plastic Signs - Outdoor,Corex Signs,,,3mm thick 3-6 months Lifespan,2450 x 1200mm,Standard,Double sided,1,fixed,,R845.00,,,,,,yes,3mm thick 3-6 months Lifespan; Corex Signs; Corex Plastic Signs - Outdoor,,
191,RS-0191,Rubber Stamps,Self Inking Stamps,,,Colop Self Inking - Black Ink,C30 47 x 18mm,3 Lines Of Text,,1,fixed,,R375.00,,,,,,yes,Colop Self Inking - Black Ink; Self Inking Stamps; Rubber Stamps,,
192,RS-0192,Rubber Stamps,Self Inking Stamps,,,Colop Self Inking - Black Ink,C40 59 x 23mm,5 Lines Of Text,,1,fixed,,R425.00,,,,,,yes,Colop Self Inking - Black Ink; Self Inking Stamps; Rubber Stamps,,
193,RS-0193,Rubber Stamps,Self Inking Stamps,,,Colop Self Inking - Black Ink,C50 69 x 30mm,7 Lines Of Text,,1,fixed,,R525.00,,,,,,yes,Colop Self Inking - Black Ink; Self Inking Stamps; Rubber Stamps,,
194,RS-0194,Rubber Stamps,Pre-Inked Stamps,,,Printer 20 PAID ( RED INK ),,,,1,fixed,,R169.00,,,,,,yes,Printer 20 PAID ( RED INK ); Pre-Inked Stamps; Rubber Stamps,,
195,RS-0195,Rubber Stamps,Stamp Accessories,,,Replacement Rubber Only .,Custom,,,1,fixed,,R175.00,,,,,,yes,Replacement Rubber Only .; Stamp Accessories; Rubber Stamps,,
196,SUP-0196,Supplies,Eco Solvent Inks,,,Eco Solvent Inks Roland/Xp600 - CYAN,1LT,3 Year,,1,fixed,,R500.00,,,,,,yes,Eco Solvent Inks Roland/Xp600 - CYAN; Eco Solvent Inks; Supplies,,
197,SUP-0197,Supplies,Eco Solvent Inks,,,Eco Solvent Inks Roland/Xp600 - MAGENTA,1LT,3 Year,,1,fixed,,R500.00,,,,,,yes,Eco Solvent Inks Roland/Xp600 - MAGENTA; Eco Solvent Inks; Supplies,,
198,SUP-0198,Supplies,Eco Solvent Inks,,,Eco Solvent Inks Roland/Xp600 - YELLOW,1LT,3 Year,,1,fixed,,R500.00,,,,,,yes,Eco Solvent Inks Roland/Xp600 - YELLOW; Eco Solvent Inks; Supplies,,
199,SUP-0199,Supplies,Eco Solvent Inks,,,Eco Solvent Inks Roland/Xp600 - BLACK,1LT,3 Year,,1,fixed,,R500.00,,,,,,yes,Eco Solvent Inks Roland/Xp600 - BLACK; Eco Solvent Inks; Supplies,,
200,SUP-0200,Supplies,Eco Solvent Inks,,,Eco Solvent Inks Roland/Xp600 - CMYK Special,4LT,4 Year,,1,fixed,,"R1,500.00",,,,,,yes,Eco Solvent Inks Roland/Xp600 - CMYK Special; Eco Solvent Inks; Supplies,,
201,SUP-0201,Supplies,Ricoh Inks,,,Ricoh Toner Based Inks IMC6500 / 8003 - CYAN,500Grams,Premium,,1,fixed,,R925.00,,,,,,yes,Ricoh Toner Based Inks IMC6500 / 8003 - CYAN; Ricoh Inks; Supplies,,
202,SUP-0202,Supplies,Ricoh Inks,,,Ricoh Toner Based Inks IMC6500 / 8003 - MAGENTA,500Grams,Premium,,1,fixed,,R925.00,,,,,,yes,Ricoh Toner Based Inks IMC6500 / 8003 - MAGENTA; Ricoh Inks; Supplies,,
203,SUP-0203,Supplies,Ricoh Inks,,,Ricoh Toner Based Inks IMC6500 / 8003 - YELLOW,500Grams,Premium,,1,fixed,,R925.00,,,,,,yes,Ricoh Toner Based Inks IMC6500 / 8003 - YELLOW; Ricoh Inks; Supplies,,
204,SUP-0204,Supplies,Ricoh Inks,,,Ricoh Toner Based Inks IMC6500 / 8003 - BLACK,500Grams,Premium,,1,fixed,,R925.00,,,,,,yes,Ricoh Toner Based Inks IMC6500 / 8003 - BLACK; Ricoh Inks; Supplies,,
205,SUP-0205,Supplies,Xerox Inks,,,Xerox Toner Based Inks 7835 Series - CYAN,500Grams,Premium,,1,fixed,,R650.00,,,,,,yes,Xerox Toner Based Inks 7835 Series - CYAN; Xerox Inks; Supplies,,
206,SUP-0206,Supplies,Xerox Inks,,,Xerox Toner Based Inks 7835 Series - MAGENTA,500Grams,Premium,,1,fixed,,R650.00,,,,,,yes,Xerox Toner Based Inks 7835 Series - MAGENTA; Xerox Inks; Supplies,,
207,SUP-0207,Supplies,Xerox Inks,,,Xerox Toner Based Inks 7835 Series - YELLOW,500Grams,Premium,,1,fixed,,R650.00,,,,,,yes,Xerox Toner Based Inks 7835 Series - YELLOW; Xerox Inks; Supplies,,
208,SUP-0208,Supplies,Xerox Inks,,,Xerox Toner Based Inks 7835 Series - BLACK,500Grams,Premium,,1,fixed,,R650.00,,,,,,yes,Xerox Toner Based Inks 7835 Series - BLACK; Xerox Inks; Supplies,,
209,SUP-0209,Supplies,Xerox Inks,,,Xerox Toner Based Inks 550 Series - CYAN,500Grams,Premium,,1,fixed,,R650.00,,,,,,yes,Xerox Toner Based Inks 550 Series - CYAN; Xerox Inks; Supplies,,
210,SUP-0210,Supplies,Xerox Inks,,,Xerox Toner Based Inks 550 Series - MAGENTA,500Grams,Premium,,1,fixed,,R650.00,,,,,,yes,Xerox Toner Based Inks 550 Series - MAGENTA; Xerox Inks; Supplies,,
211,SUP-0211,Supplies,Xerox Inks,,,Xerox Toner Based Inks 550 Series - YELLOW,500Grams,Premium,,1,fixed,,R650.00,,,,,,yes,Xerox Toner Based Inks 550 Series - YELLOW; Xerox Inks; Supplies,,
212,SUP-0212,Supplies,Xerox Inks,,,Xerox Toner Based Inks 550 Series - BLACK,500Grams,Premium,,1,fixed,,R650.00,,,,,,yes,Xerox Toner Based Inks 550 Series - BLACK; Xerox Inks; Supplies,,
213,SUP-0213,Supplies,Xerox Inks,,,Xerox Toner Based Inks V Series - CYAN,500Grams,Premium,,1,fixed,,R650.00,,,,,,yes,Xerox Toner Based Inks V Series - CYAN; Xerox Inks; Supplies,,
214,SUP-0214,Supplies,Xerox Inks,,,Xerox Toner Based Inks V Series - MAGENTA,500Grams,Premium,,1,fixed,,R650.00,,,,,,yes,Xerox Toner Based Inks V Series - MAGENTA; Xerox Inks; Supplies,,
215,SUP-0215,Supplies,Xerox Inks,,,Xerox Toner Based Inks V Series - YELLOW,500Grams,Premium,,1,fixed,,R650.00,,,,,,yes,Xerox Toner Based Inks V Series - YELLOW; Xerox Inks; Supplies,,
216,SUP-0216,Supplies,Xerox Inks,,,Xerox Toner Based Inks V Series - BLACK,500Grams,Premium,,1,fixed,,R650.00,,,,,,yes,Xerox Toner Based Inks V Series - BLACK; Xerox Inks; Supplies,,
217,SUP-0217,Supplies,Konica Minolta Inks,,,Konica Minolta Toner Based Inks - CYAN,500Grams,Premium,,1,fixed,,R450.00,,,,,,yes,Konica Minolta Toner Based Inks - CYAN; Konica Minolta Inks; Supplies,,
218,SUP-0218,Supplies,Konica Minolta Inks,,,Konica Minolta Toner Based Inks - MAGENTA,500Grams,Premium,,1,fixed,,R450.00,,,,,,yes,Konica Minolta Toner Based Inks - MAGENTA; Konica Minolta Inks; Supplies,,
219,SUP-0219,Supplies,Konica Minolta Inks,,,Konica Minolta Toner Based Inks - YELLOW,500Grams,Premium,,1,fixed,,R450.00,,,,,,yes,Konica Minolta Toner Based Inks - YELLOW; Konica Minolta Inks; Supplies,,
220,SUP-0220,Supplies,Konica Minolta Inks,,,Konica Minolta Toner Based Inks - BLACK,500Grams,Premium,,1,fixed,,R450.00,,,,,,yes,Konica Minolta Toner Based Inks - BLACK; Konica Minolta Inks; Supplies,,
221,SUP-0221,Supplies,Riso Supplies,,,Riso Duplicator ink - Generic,500ml,Standard,,1,fixed,,R250.00,,,,,,yes,Riso Duplicator ink - Generic; Riso Supplies; Supplies,,
222,SUP-0222,Supplies,Riso Supplies,,,Riso Duplicator Master - Generic,100m,Standard,,1,fixed,,R300.00,,,,,,yes,Riso Duplicator Master - Generic; Riso Supplies; Supplies,,
223,BSI-0223,Banners Stands - Indoor,X-Frame Banners,,,X - Frame Banner + Print,1600 x 600mm,Gloss PVC,,1,fixed,,R475.00,,,,,,yes,X - Frame Banner + Print; X-Frame Banners; Banners Stands - Indoor,,
224,BSI-0224,Banners Stands - Indoor,Replacement Parts,,,Replacement frame only,1600 x 600mm,Standard Metal,,1,fixed,,R200.00,,,,,,yes,Replacement frame only; Replacement Parts; Banners Stands - Indoor,,
225,BSI-0225,Banners Stands - Indoor,Replacement Parts,,,Replacement Banner Print only,1600 x 600mm,Gloss PVC,,1,fixed,,R325.00,,,,,,yes,Replacement Banner Print only; Replacement Parts; Banners Stands - Indoor,,
226,BSI-0226,Banners Stands - Indoor,Pull Up Banners,,,Economy Pull up Banner stand + Print,2000 x 850mm,Gloss PVC,,1,fixed,,R900.00,,,,,,yes,Economy Pull up Banner stand + Print; Pull Up Banners; Banners Stands - Indoor,,
227,BSI-0227,Banners Stands - Indoor,Replacement Parts,,,Replacement frame only,2000 x 850mm,Standard Metal,,1,fixed,,R475.00,,,,,,yes,Replacement frame only; Replacement Parts; Banners Stands - Indoor,,
228,BSI-0228,Banners Stands - Indoor,Replacement Parts,,,Replacement Banner Print only,2000 x 850mm,Gloss PVC,,1,fixed,,R475.00,,,,,,yes,Replacement Banner Print only; Replacement Parts; Banners Stands - Indoor,,
229,BSI-0229,Banners Stands - Indoor,Pull Up Banners,,,Executive Pull up Banner stand + Print,2000 x 850mm,Gloss PVC,,1,fixed,,"R1,350.00",,,,,,yes,Executive Pull up Banner stand + Print; Pull Up Banners; Banners Stands - Indoor,,
230,BSO-0230,Banners Stands - Outdoor,Telescopic Banners,,,"Telescopic Banner Include Hardware , ground spike & carry bag.",2000 x 620mm,Fabric,Single sided,1,fixed,,R850.00,,,,,,yes,"Telescopic Banner Include Hardware , ground spike & carry bag.; Telescopic Banners; Banners Stands - Outdoor",,
231,BSO-0231,Banners Stands - Outdoor,Telescopic Banners,,,"Telescopic Banner Include Hardware , ground spike & carry bag.",3000 x 620mm,Fabric,,1,fixed,,R950.00,,,,,,yes,"Telescopic Banner Include Hardware , ground spike & carry bag.; Telescopic Banners; Banners Stands - Outdoor",,
232,BSO-0232,Banners Stands - Outdoor,Telescopic Banners,,,"Telescopic Banner Include Hardware , ground spike & carry bag.",2000 x 620mm,Fabric,Double sided,1,fixed,,"R1,150.00",,,,,,yes,"Telescopic Banner Include Hardware , ground spike & carry bag.; Telescopic Banners; Banners Stands - Outdoor",,
233,BSO-0233,Banners Stands - Outdoor,Telescopic Banners,,,"Telescopic Banner Include Hardware , ground spike & carry bag.",3000 x 620mm,Fabric,Double sided,1,fixed,,"R1,550.00",,,,,,yes,"Telescopic Banner Include Hardware , ground spike & carry bag.; Telescopic Banners; Banners Stands - Outdoor",,
234,BAN-0234,Flat Banners - outdoor / indoor,PVC Banners,,,PVC Banner / Birthday / advertising,1350 x 650mm,PVC,,1,fixed,,R300.00,,,,,,yes,PVC Banner / Birthday / advertising; PVC Banners; Flat Banners - outdoor / indoor,,
235,BAN-0235,Flat Banners - outdoor / indoor,PVC Banners,,,PVC Banner / Birthday / advertising,1600 x 1000mm,PVC,,1,fixed,,R450.00,,,,,,yes,PVC Banner / Birthday / advertising; PVC Banners; Flat Banners - outdoor / indoor,,
236,BAN-0236,Flat Banners - outdoor / indoor,PVC Banners,,,PVC Banner / Birthday / advertising,2000 x 1300mm,PVC,,1,fixed,,R500.00,,,,,,yes,PVC Banner / Birthday / advertising; PVC Banners; Flat Banners - outdoor / indoor,,
237,BAN-0237,Flat Banners - outdoor / indoor,PVC Banners,,,PVC Banner / Birthday / advertising,2500 x 1300mm,PVC,,1,fixed,,R550.00,,,,,,yes,PVC Banner / Birthday / advertising; PVC Banners; Flat Banners - outdoor / indoor,,
238,BAN-0238,Flat Banners - outdoor / indoor,PVC Banners,,,PVC Banner / Birthday / advertising,3000 x 1300mm,PVC,,1,fixed,,R600.00,,,,,,yes,PVC Banner / Birthday / advertising; PVC Banners; Flat Banners - outdoor / indoor,,
239,BAN-0239,Flat Banners - outdoor / indoor,PVC Banners,,,PVC Banner / Birthday / advertising,4000 x 1300mm,PVC,,1,fixed,,R800.00,,,,,,yes,PVC Banner / Birthday / advertising; PVC Banners; Flat Banners - outdoor / indoor,,
240,BAN-0240,Flat Banners - outdoor / indoor,PVC Banners,,,PVC Banner / Birthday / advertising,5000 x 1300mm,PVC,,1,fixed,,"R1,000.00",,,,,,yes,PVC Banner / Birthday / advertising; PVC Banners; Flat Banners - outdoor / indoor,,
241,BAN-0241,Flat Banners - outdoor / indoor,PVC Banners,,,PVC Banner / Birthday / advertising,2000 x 1600mm,PVC,,1,fixed,,R520.00,,,,,,yes,PVC Banner / Birthday / advertising; PVC Banners; Flat Banners - outdoor / indoor,,
242,BAN-0242,Flat Banners - outdoor / indoor,PVC Banners,,,PVC Banner / Birthday / advertising,3000 x 1600mm,PVC,,1,fixed,,R720.00,,,,,,yes,PVC Banner / Birthday / advertising; PVC Banners; Flat Banners - outdoor / indoor,,
243,BAN-0243,Flat Banners - outdoor / indoor,PVC Banners,,,PVC Banner / Birthday / advertising,4000 x 1600mm,PVC,,1,fixed,,R960.00,,,,,,yes,PVC Banner / Birthday / advertising; PVC Banners; Flat Banners - outdoor / indoor,,
244,BAN-0244,Flat Banners - outdoor / indoor,PVC Banners,,,PVC Banner / Birthday / advertising,5000 x 1600mm,PVC,,1,fixed,,"R1,200.00",,,,,,yes,PVC Banner / Birthday / advertising; PVC Banners; Flat Banners - outdoor / indoor,,
245,BAN-0245,Flat Banners - outdoor / indoor,PVC Banners,,,PVC Banner / Birthday / advertising,Custom,PVC,,1,sqm,150,,,,,,,yes,PVC Banner / Birthday / advertising; PVC Banners; Flat Banners - outdoor / indoor,,
246,CBM-0246,Canvas Block Mount,Canvas Prints,,,Canvas Digitally Printed & mounted on a Wooden Block,A4,PVC,,1,fixed,,R200.00,,,,,,yes,Canvas Digitally Printed & mounted on a Wooden Block; Canvas Prints; Canvas Block Mount,,
247,CBM-0247,Canvas Block Mount,Canvas Prints,,,Canvas Digitally Printed & mounted on a Wooden Block,A3,PVC,,1,fixed,,R275.00,,,,,,yes,Canvas Digitally Printed & mounted on a Wooden Block; Canvas Prints; Canvas Block Mount,,
248,CBM-0248,Canvas Block Mount,Canvas Prints,,,Canvas Digitally Printed & mounted on a Wooden Block,A2,PVC,,1,fixed,,R450.00,,,,,,yes,Canvas Digitally Printed & mounted on a Wooden Block; Canvas Prints; Canvas Block Mount,,
249,CBM-0249,Canvas Block Mount,Canvas Prints,,,Canvas Digitally Printed & mounted on a Wooden Block,A1,PVC,,1,fixed,,R550.00,,,,,,yes,Canvas Digitally Printed & mounted on a Wooden Block; Canvas Prints; Canvas Block Mount,,
250,CBM-0250,Canvas Block Mount,Canvas Prints,,,Canvas Digitally Printed & mounted on a Wooden Block,A0,PVC,,1,fixed,,R850.00,,,,,,yes,Canvas Digitally Printed & mounted on a Wooden Block; Canvas Prints; Canvas Block Mount,,
251,MAG-0251,Magnetic Signs,Vehicle Magnets,,,Vehicle Magnets - Pair,600 x 220mm,Gloss Laminate,,2,fixed,,R425.00,,,,,,yes,Vehicle Magnets - Pair; Vehicle Magnets; Magnetic Signs,,
252,MAG-0252,Magnetic Signs,Vehicle Magnets,,,Vehicle Magnets - Pair,600 x 270mm,Gloss Laminate,,2,fixed,,R450.00,,,,,,yes,Vehicle Magnets - Pair; Vehicle Magnets; Magnetic Signs,,
253,MAG-0253,Magnetic Signs,Vehicle Magnets,,,Vehicle Magnets - Pair,600 x 300mm,Gloss Laminate,,2,fixed,,R475.00,,,,,,yes,Vehicle Magnets - Pair; Vehicle Magnets; Magnetic Signs,,
254,MAG-0254,Magnetic Signs,Vehicle Magnets,,,Vehicle Magnets - Pair,Custom,Gloss Laminate,,2,sqm,1500,,,,,,,yes,Vehicle Magnets - Pair; Vehicle Magnets; Magnetic Signs,,
255,VB-0255,Vehicle Branding,Vinyl Stickers,,,Vinyl cut stickers - Standard single colors,200mm L x 100mm H,Gloss,,1,fixed,,R40.00,,,,,,yes,Vinyl cut stickers - Standard single colors; Vinyl Stickers; Vehicle Branding,,
256,VB-0256,Vehicle Branding,Vinyl Stickers,,,Vinyl cut stickers - Standard single colors,300mm L x 100mm H,Gloss,,1,fixed,,R50.00,,,,,,yes,Vinyl cut stickers - Standard single colors; Vinyl Stickers; Vehicle Branding,,
257,VB-0257,Vehicle Branding,Vinyl Stickers,,,Vinyl cut stickers - Standard single colors,400mm L x 100mm H,Gloss,,1,fixed,,R60.00,,,,,,yes,Vinyl cut stickers - Standard single colors; Vinyl Stickers; Vehicle Branding,,
258,VB-0258,Vehicle Branding,Vinyl Stickers,,,Vinyl cut stickers - Standard single colors,500mm L x 100mm H,Gloss,,1,fixed,,R70.00,,,,,,yes,Vinyl cut stickers - Standard single colors; Vinyl Stickers; Vehicle Branding,,
259,VB-0259,Vehicle Branding,Vinyl Stickers,,,Vinyl cut stickers - Standard single colors,600mm L x 100mm H,Gloss,,1,fixed,,R80.00,,,,,,yes,Vinyl cut stickers - Standard single colors; Vinyl Stickers; Vehicle Branding,,
260,VB-0260,Vehicle Branding,Vinyl Stickers,,,Vinyl cut stickers - Standard single colors,700mm L x 100mm H,Gloss,,1,fixed,,R90.00,,,,,,yes,Vinyl cut stickers - Standard single colors; Vinyl Stickers; Vehicle Branding,,
261,VB-0261,Vehicle Branding,Vinyl Stickers,,,Vinyl cut stickers - Standard single colors,800mm L x 100mm H,Gloss,,1,fixed,,R100.00,,,,,,yes,Vinyl cut stickers - Standard single colors; Vinyl Stickers; Vehicle Branding,,
262,VB-0262,Vehicle Branding,Vinyl Stickers,,,Vinyl cut stickers - Standard single colors,900mm L x 100mm H,Gloss,,1,fixed,,R110.00,,,,,,yes,Vinyl cut stickers - Standard single colors; Vinyl Stickers; Vehicle Branding,,
263,VB-0263,Vehicle Branding,Vinyl Stickers,,,Vinyl cut stickers - Standard single colors,1000mm L x 100mm H,Gloss,,1,fixed,,R120.00,,,,,,yes,Vinyl cut stickers - Standard single colors; Vinyl Stickers; Vehicle Branding,,
264,VB-0264,Vehicle Branding,Vinyl Stickers,,,Vinyl cut stickers - Standard single colors,1100mm L x 100mm H,Gloss,,1,fixed,,R130.00,,,,,,yes,Vinyl cut stickers - Standard single colors; Vinyl Stickers; Vehicle Branding,,
265,VB-0265,Vehicle Branding,Vinyl Stickers,,,Vinyl cut stickers - Standard single colors,1200mm L x 100mm H,Gloss,,1,fixed,,R140.00,,,,,,yes,Vinyl cut stickers - Standard single colors; Vinyl Stickers; Vehicle Branding,,
266,VB-0266,Vehicle Branding,Vinyl Stickers,,,Vinyl cut stickers - Standard 2 colors,200mm L x 100mm H,Gloss,,1,fixed,,R60.00,,,,,,yes,Vinyl cut stickers - Standard 2 colors; Vinyl Stickers; Vehicle Branding,,
267,VB-0267,Vehicle Branding,Vinyl Stickers,,,Vinyl cut stickers - Standard 2 colors,300mm L x 100mm H,Gloss,,1,fixed,,R70.00,,,,,,yes,Vinyl cut stickers - Standard 2 colors; Vinyl Stickers; Vehicle Branding,,
268,VB-0268,Vehicle Branding,Vinyl Stickers,,,Vinyl cut stickers - Standard 2 colors,400mm L x 100mm H,Gloss,,1,fixed,,R100.00,,,,,,yes,Vinyl cut stickers - Standard 2 colors; Vinyl Stickers; Vehicle Branding,,
269,VB-0269,Vehicle Branding,Vinyl Stickers,,,Vinyl cut stickers - Standard 2 colors,500mm L x 100mm H,Gloss,,1,fixed,,R110.00,,,,,,yes,Vinyl cut stickers - Standard 2 colors; Vinyl Stickers; Vehicle Branding,,
270,VB-0270,Vehicle Branding,Vinyl Stickers,,,Vinyl cut stickers - Standard 2 colors,600mm L x 100mm H,Gloss,,1,fixed,,R120.00,,,,,,yes,Vinyl cut stickers - Standard 2 colors; Vinyl Stickers; Vehicle Branding,,
271,VB-0271,Vehicle Branding,Vinyl Stickers,,,Vinyl cut stickers - Standard 2 colors,700mm L x 100mm H,Gloss,,1,fixed,,R130.00,,,,,,yes,Vinyl cut stickers - Standard 2 colors; Vinyl Stickers; Vehicle Branding,,
272,VB-0272,Vehicle Branding,Vinyl Stickers,,,Vinyl cut stickers - Standard 2 colors,800mm L x 100mm H,Gloss,,1,fixed,,R140.00,,,,,,yes,Vinyl cut stickers - Standard 2 colors; Vinyl Stickers; Vehicle Branding,,
273,VB-0273,Vehicle Branding,Vinyl Stickers,,,Vinyl cut stickers - Standard 2 colors,900mm L x 100mm H,Gloss,,1,fixed,,R150.00,,,,,,yes,Vinyl cut stickers - Standard 2 colors; Vinyl Stickers; Vehicle Branding,,
274,VB-0274,Vehicle Branding,Vinyl Stickers,,,Vinyl cut stickers - Standard 2 colors,1000mm L x 100mm H,Gloss,,1,fixed,,R160.00,,,,,,yes,Vinyl cut stickers - Standard 2 colors; Vinyl Stickers; Vehicle Branding,,
275,VB-0275,Vehicle Branding,Vinyl Stickers,,,Vinyl cut stickers - Standard 2 colors,1100mm L x 100mm H,Gloss,,1,fixed,,R170.00,,,,,,yes,Vinyl cut stickers - Standard 2 colors; Vinyl Stickers; Vehicle Branding,,
276,VB-0276,Vehicle Branding,Vinyl Stickers,,,Vinyl cut stickers - Standard 2 colors,1200mm L x 100mm H,Gloss,,1,fixed,,R180.00,,,,,,yes,Vinyl cut stickers - Standard 2 colors; Vinyl Stickers; Vehicle Branding,,
277,VB-0277,Vehicle Branding,Chrome Stickers,,,Vinyl cut stickers - chrome / holographic,200mm L x 100mm H,Gloss,,1,fixed,,R60.00,,,,,,yes,Vinyl cut stickers - chrome / holographic; Chrome Stickers; Vehicle Branding,,
278,VB-0278,Vehicle Branding,Chrome Stickers,,,Vinyl cut stickers - chrome / holographic,300mm L x 100mm H,Gloss,,1,fixed,,R70.00,,,,,,yes,Vinyl cut stickers - chrome / holographic; Chrome Stickers; Vehicle Branding,,
279,VB-0279,Vehicle Branding,Chrome Stickers,,,Vinyl cut stickers - chrome / holographic,400mm L x 100mm H,Gloss,,1,fixed,,R100.00,,,,,,yes,Vinyl cut stickers - chrome / holographic; Chrome Stickers; Vehicle Branding,,
280,VB-0280,Vehicle Branding,Chrome Stickers,,,Vinyl cut stickers - chrome / holographic,500mm L x 100mm H,Gloss,,1,fixed,,R110.00,,,,,,yes,Vinyl cut stickers - chrome / holographic; Chrome Stickers; Vehicle Branding,,
281,VB-0281,Vehicle Branding,Chrome Stickers,,,Vinyl cut stickers - chrome / holographic,600mm L x 100mm H,Gloss,,1,fixed,,R120.00,,,,,,yes,Vinyl cut stickers - chrome / holographic; Chrome Stickers; Vehicle Branding,,
282,VB-0282,Vehicle Branding,Chrome Stickers,,,Vinyl cut stickers - chrome / holographic,700mm L x 100mm H,Gloss,,1,fixed,,R130.00,,,,,,yes,Vinyl cut stickers - chrome / holographic; Chrome Stickers; Vehicle Branding,,
283,VB-0283,Vehicle Branding,Chrome Stickers,,,Vinyl cut stickers - chrome / holographic,800mm L x 100mm H,Gloss,,1,fixed,,R140.00,,,,,,yes,Vinyl cut stickers - chrome / holographic; Chrome Stickers; Vehicle Branding,,
284,VB-0284,Vehicle Branding,Chrome Stickers,,,Vinyl cut stickers - chrome / holographic,900mm L x 100mm H,Gloss,,1,fixed,,R150.00,,,,,,yes,Vinyl cut stickers - chrome / holographic; Chrome Stickers; Vehicle Branding,,
285,VB-0285,Vehicle Branding,Chrome Stickers,,,Vinyl cut stickers - chrome / holographic,1000mm L x 100mm H,Gloss,,1,fixed,,R160.00,,,,,,yes,Vinyl cut stickers - chrome / holographic; Chrome Stickers; Vehicle Branding,,
286,VB-0286,Vehicle Branding,Chrome Stickers,,,Vinyl cut stickers - chrome / holographic,1100mm L x 100mm H,Gloss,,1,fixed,,R170.00,,,,,,yes,Vinyl cut stickers - chrome / holographic; Chrome Stickers; Vehicle Branding,,
287,VB-0287,Vehicle Branding,Chrome Stickers,,,Vinyl cut stickers - chrome / holographic,1200mm L x 100mm H,Gloss,,1,fixed,,R180.00,,,,,,yes,Vinyl cut stickers - chrome / holographic; Chrome Stickers; Vehicle Branding,,
288,VB-0288,Vehicle Branding,Bumper Stickers,,,Bumper Stickers - Single color standard,150 x 50mm,Gloss,,50,fixed,,R375.00,,,,,,yes,Bumper Stickers - Single color standard; Bumper Stickers; Vehicle Branding,,
289,VB-0289,Vehicle Branding,Bumper Stickers,,,Bumper Stickers - Chrome / holographic,150 x 50mm,Gloss,,50,fixed,,R475.00,,,,,,yes,Bumper Stickers - Chrome / holographic; Bumper Stickers; Vehicle Branding,,
290,VB-0290,Vehicle Branding,Number Plates,,,Perspex Number Plates standard - Fancy Plates,520 x 113mm,Gloss,,1,fixed,,R200.00,,,,,,yes,Perspex Number Plates standard - Fancy Plates; Number Plates; Vehicle Branding,,
291,VB-0291,Vehicle Branding,Number Plates,,,Perspex Number Plates standard - Fancy Plates,440 x 113mm,Gloss,,1,fixed,,R200.00,,,,,,yes,Perspex Number Plates standard - Fancy Plates; Number Plates; Vehicle Branding,,
292,VB-0292,Vehicle Branding,Number Plates,,,Perspex Number Plate - Bike custom Sizes,Free Size,Gloss,,1,fixed,,R150.00,,,,,,yes,Perspex Number Plate - Bike custom Sizes; Number Plates; Vehicle Branding,,
293,VB-0293,Vehicle Branding,Number Plates,,,ABS Number Plates standard - Fancy Plates,520 x 113mm,Gloss,,1,fixed,,R80.00,,,,,,yes,ABS Number Plates standard - Fancy Plates; Number Plates; Vehicle Branding,,
294,VB-0294,Vehicle Branding,Number Plates,,,ABS Number Plates standard - Fancy Plates,440 x 113mm,Gloss,,1,fixed,,R80.00,,,,,,yes,ABS Number Plates standard - Fancy Plates; Number Plates; Vehicle Branding,,
295,VB-0295,Vehicle Branding,Vehicle Graphics,,,Digital Print - custom design,Free Size,Gloss,,1,sqm,550,,,,,,,yes,Digital Print - custom design; Vehicle Graphics; Vehicle Branding,,
296,VB-0296,Vehicle Branding,Vehicle Graphics,,,Basic Design single color Graphics - Text only,Car / Small bakkie / Double cab,Gloss,,1,fixed,,R950.00,,,,,,yes,Basic Design single color Graphics - Text only; Vehicle Graphics; Vehicle Branding,,
297,VB-0297,Vehicle Branding,Vehicle Graphics,,,Basic Design 2 color Graphics - Text only,Car / Small bakkie / Double cab,Gloss,,1,fixed,,"R1,350.00",,,,,,yes,Basic Design 2 color Graphics - Text only; Vehicle Graphics; Vehicle Branding,,
298,VB-0298,Vehicle Branding,Vehicle Graphics,,,Basic Design 2 color with Logo color Graphics - Text only,Car / Small bakkie / Double cab,Gloss,,1,fixed,,"R2,750.00",,,,,,yes,Basic Design 2 color with Logo color Graphics - Text only; Vehicle Graphics; Vehicle Branding,,
299,VB-0299,Vehicle Branding,Vehicle Wraps,,,Partial Wrap - Digital Print With lamination,Car / Small bakkie / Double cab,Gloss,,1,fixed,,"R3,500.00",,,,,,yes,Partial Wrap - Digital Print With lamination; Vehicle Wraps; Vehicle Branding,,
300,VB-0300,Vehicle Branding,Vehicle Wraps,,,Partial Wrap - Digital Print With lamination,Car / Small bakkie / Double cab,Gloss,,1,fixed,,"R5,500.00",,,,,,yes,Partial Wrap - Digital Print With lamination; Vehicle Wraps; Vehicle Branding,,
301,LC-0301,Laser Cutting,Cake Toppers,,,Cake toppers - Standard single color,A5,Gloss,,1,fixed,,R120.00,,,,,,yes,Cake toppers - Standard single color; Cake Toppers; Laser Cutting,,
302,LC-0302,Laser Cutting,Cake Toppers,,,Cake toppers - Mirror single color,A5,Gloss,,1,fixed,,R150.00,,,,,,yes,Cake toppers - Mirror single color; Cake Toppers; Laser Cutting,,
303,LC-0303,Laser Cutting,Cake Toppers,,,Cake toppers - Mirror 2 color,A5,Gloss,,1,fixed,,R180.00,,,,,,yes,Cake toppers - Mirror 2 color; Cake Toppers; Laser Cutting,,
304,LC-0304,Laser Cutting,Cake Toppers,,,Cake toppers - Full color with image,A5,Gloss,,1,fixed,,R180.00,,,,,,yes,Cake toppers - Full color with image; Cake Toppers; Laser Cutting,,
305,LC-0305,Laser Cutting,MDF Cutting,,,3mm MDF wood cutting,Custom,Standard,,1,sqm,400,,,,,,,yes,3mm MDF wood cutting; MDF Cutting; Laser Cutting,,
306,LC-0306,Laser Cutting,MDF Cutting,,,3mm MDF wood cutting & Engraving,Custom,Standard,,1,sqm,1200,,,,,,,yes,3mm MDF wood cutting & Engraving; MDF Cutting; Laser Cutting,,
